feature,importance_mean,importance_sd,spearman_quality,abs_spearman_quality
grid_edge_0_3,0.041964064080940354,0.00834050362498207,-0.11486858062387433,0.11486858062387433
grid_edge_1_1,0.027544628761164324,0.0019834576613027882,0.0494952598042397,0.0494952598042397
colorfulness,0.026134094777683504,0.0026410673166250413,0.04746845360727919,0.04746845360727919
horizontal_symmetry_error,0.02445150494983416,0.0015198656688590916,0.039321987865701846,0.039321987865701846
grid_edge_0_0,0.02402136185249913,0.0013459571311219508,-0.04979235631593998,0.04979235631593998
vertical_symmetry_error,0.023945868335698645,0.0010974339142397177,0.006735209609103396,0.006735209609103396
grid_edge_0_2,0.02288635578249789,0.0011894555426177024,-0.06149645451728209,0.06149645451728209
grid_edge_0_1,0.022799407289815523,0.0013202687425081388,-0.05053078353620529,0.05053078353620529
grid_edge_1_0,0.022774587230310547,0.003870622744418066,0.03822468142529637,0.03822468142529637
sat_std,0.02256207345496925,0.0032095282218098566,0.0732688496274848,0.0732688496274848
luma_entropy,0.01947219146841086,0.0016598348076397528,-0.0152801871267578,0.0152801871267578
grid_sat_0_3,0.018141804425642612,0.001202928239533091,0.07160500442079112,0.07160500442079112
grid_edge_3_2,0.01752712446638253,0.003833849891323908,-0.006216720039030067,0.006216720039030067
dark_ratio,0.017398093281713288,0.002845835059532772,-0.09585388253335644,0.09585388253335644
grid_luma_1_1,0.017365269503230328,0.0024957938728945397,0.09373451953169537,0.09373451953169537
grid_edge_1_3,0.017127590720793135,0.00236456080915362,0.005927999887328973,0.005927999887328973
grid_edge_1_2,0.0170956211381182,0.0009162865885440914,0.025214711718594393,0.025214711718594393
grid_edge_3_1,0.016861641160953903,0.0019465396192136183,-0.025561548402453397,0.025561548402453397
value_std,0.01668793861175038,0.0011289264989048822,-0.0035058401918408606,0.0035058401918408606
grid_luma_2_2,0.016225645771599455,0.003457301066846296,0.10091251136669464,0.10091251136669464
sat_high_ratio,0.01590638894209729,0.0032275282079062303,0.06497361385109506,0.06497361385109506
grid_sat_0_0,0.015846288073079556,0.0020606221967659553,0.08342423127461938,0.08342423127461938
grid_edge_3_0,0.015751796048122924,0.0009722463156908245,0.002539524490493912,0.002539524490493912
grid_sat_0_2,0.015207337251231957,0.0008459147108563819,0.07696284636479285,0.07696284636479285
grid_edge_2_2,0.015141743512377298,0.0017352193808375625,0.0027333961663799197,0.0027333961663799197
grid_edge_3_3,0.015032965032317736,0.001513917264827239,0.00010811844543902495,0.00010811844543902495
grid_luma_1_0,0.014908367855284854,0.0022154961015033166,0.06544746408208924,0.06544746408208924
edge_density,0.01480247650590909,0.0014562850379522562,-0.007890851293150244,0.007890851293150244
grid_luma_1_2,0.014467122204687873,0.001440768520735069,0.08409477974202201,0.08409477974202201
luma_std,0.014177678255622295,0.001263051895809779,0.046294303648470515,0.046294303648470515
grid_sat_0_1,0.014106831350989276,0.0006540593524759022,0.0679399292493735,0.0679399292493735
white_ratio,0.014099726790013025,0.0008882675072962346,0.0723469797114101,0.0723469797114101
grid_edge_2_3,0.013852011249634987,0.0009276080564102971,0.020395360858183022,0.020395360858183022
grid_edge_2_0,0.013791110881481211,0.000910732729794684,0.021578318471106354,0.021578318471106354
grid_edge_2_1,0.01370040861071838,0.001671639252533412,0.01723195610300824,0.01723195610300824
edge_strong,0.013586006464126152,0.0015956842740681378,-0.013933597217685008,0.013933597217685008
edge_mean,0.013330893988060385,0.0007261476320242974,-0.010974444374592445,0.010974444374592445
grid_sat_1_0,0.013117637214105285,0.001355763878637748,0.016203400909652096,0.016203400909652096
grid_luma_2_1,0.012928427366845009,0.0024955874128848783,0.10139603660284574,0.10139603660284574
grid_luma_3_3,0.012900835355132232,0.0008574196171187646,0.03662288640116076,0.03662288640116076
grid_luma_1_3,0.01279740670729338,0.0009583064564630895,0.04103689888215061,0.04103689888215061
grid_luma_0_0,0.011965890318146547,0.00125642266893549,0.052862091152570394,0.052862091152570394
value_mean,0.01187187979156063,0.001663310254105866,0.06723423953438284,0.06723423953438284
grid_luma_0_3,0.011835664473409465,0.0011468739726245292,0.04076719370222098,0.04076719370222098
grid_luma_0_2,0.011455885933978885,0.0014524024415267917,0.05034205085783727,0.05034205085783727
grid_luma_2_0,0.01138560002838932,0.0018784007545860847,0.08088264319965985,0.08088264319965985
sat_mean,0.011250249689178395,0.0014417918644411306,0.044866407213655396,0.044866407213655396
luma_p25,0.01112720565670115,0.0004962269349521148,0.04948326796755739,0.04948326796755739
grid_luma_0_1,0.01094463933411692,0.0007935699133437281,0.05958980916216501,0.05958980916216501
grid_luma_3_0,0.010475128933799264,0.0006627323770859572,0.07654470967974715,0.07654470967974715
grid_luma_3_2,0.010409890836850018,0.0012259253247887756,0.07191616138948867,0.07191616138948867
grid_luma_2_3,0.010302560716335582,0.0013825266426091113,0.05570723656780656,0.05570723656780656
grid_luma_3_1,0.010241926659572348,0.0009171131154599366,0.08009436370272176,0.08009436370272176
grid_sat_1_2,0.009713499134372711,0.0008502255221829603,-0.012993463941943414,0.012993463941943414
grid_sat_2_0,0.009584226144891008,0.0012091577904364652,0.0147107464225444,0.0147107464225444
grid_sat_3_3,0.009440994601847719,0.0008566451494787921,0.0253192867038686,0.0253192867038686
grid_sat_3_0,0.009340377512291635,0.0009896790580592037,0.02559964459678304,0.02559964459678304
grid_sat_1_1,0.009209501369728326,0.0009401432710764117,-0.00041630187264241693,0.00041630187264241693
grid_sat_1_3,0.008636855172024359,0.00026376272736106386,-0.004065720779651972,0.004065720779651972
grid_sat_2_2,0.008540665731432747,0.0012184998090633452,-0.01587184124908916,0.01587184124908916
luma_mean,0.008500624095830776,0.0007723448446023604,0.06618448034397,0.06618448034397
grid_sat_3_1,0.00839694963610591,0.0018800999645745766,0.0034940613503581814,0.0034940613503581814
luma_p50,0.008060359174676946,0.0002287145479165495,0.08938198815530883,0.08938198815530883
grid_sat_2_3,0.008057397401088412,0.0003719842469044148,0.0031308054304300193,0.0031308054304300193
grid_sat_3_2,0.0076289648804033616,0.0006897956988976375,0.017473549285576647,0.017473549285576647
grid_sat_2_1,0.007101650343472593,0.0008191012394539113,-0.0012201446681554258,0.0012201446681554258
luma_p75,0.006995891998392611,0.0010891192472722948,0.10386682741264627,0.10386682741264627
luma_contrast,0.006211800513958671,0.00024897563102114443,0.06608364399084159,0.06608364399084159
luma_p95,0.004724413954439,0.0005403259396748539,0.07866141678998091,0.07866141678998091
luma_p05,0.0019757679383385256,0.0005819087033122247,0.014311154187680359,0.014311154187680359
width_k,0.001144652773319368,0.00012448985239420004,-0.007639763051082583,0.007639763051082583
height_k,0.001028558528208595,4.462593850425506e-05,-0.007639763051082583,0.007639763051082583
aspect,0.0,0.0,0.0,0.0
